Getting URL error: An exception of type TimeoutException in File: text/corpus/athenaeus.csv at line: 7999, token ἐκαλλωπίζοντο
URL: https://logeion.uchicago.edu/morpho/%E1%BC%90%CE%BA%CE%B1%CE%BB%CE%BB%CF%89%CF%80%CE%AF%CE%B6%CE%BF%CE%BD%CF%84%CE%BF
None
Getting URL error: An exception of type TimeoutException in File: text/corpus/athenaeus.csv at line: 16289, token Φύτιον
URL: https://logeion.uchicago.edu/morpho/%CE%A6%CF%8D%CF%84%CE%B9%CE%BF%CE%BD
None
Getting URL error: An exception of type TimeoutException in File: text/corpus/athenaeus.csv at line: 20961, token ἁλμυροῦ
URL: https://logeion.uchicago.edu/morpho/%E1%BC%81%CE%BB%CE%BC%CF%85%CF%81%CE%BF%E1%BF%A6
None
Getting URL error: An exception of type TimeoutException in File: text/corpus/athenaeus.csv at line: 37004, token #
URL: https://logeion.uchicago.edu/morpho/%23
None
Getting URL error: An exception of type TimeoutException in File: text/corpus/athenaeus.csv at line: 37100, token #
URL: https://logeion.uchicago.edu/morpho/%23
None
Getting URL error: An exception of type TimeoutException in File: text/corpus/athenaeus.csv at line: 38459, token #
URL: https://logeion.uchicago.edu/morpho/%23
None
Getting URL error: An exception of type TimeoutException in File: text/corpus/athenaeus.csv at line: 38554, token #
URL: https://logeion.uchicago.edu/morpho/%23
None
Getting URL error: An exception of type TimeoutException in File: text/corpus/athenaeus.csv at line: 38957, token κοκκύμηλά
URL: https://logeion.uchicago.edu/morpho/%CE%BA%CE%BF%CE%BA%CE%BA%CF%8D%CE%BC%CE%B7%CE%BB%CE%AC
None
Getting URL error: An exception of type TimeoutException in File: text/corpus/athenaeus.csv at line: 45010, token ἰχθύδι᾽
URL: https://logeion.uchicago.edu/morpho/%E1%BC%B0%CF%87%CE%B8%CF%8D%CE%B4%CE%B9%E1%BE%BD
None
Getting URL error: An exception of type TimeoutException in File: text/corpus/athenaeus.csv at line: 45176, token #
URL: https://logeion.uchicago.edu/morpho/%23
None
Getting URL error: An exception of type TimeoutException in File: text/corpus/athenaeus.csv at line: 45614, token #
URL: https://logeion.uchicago.edu/morpho/%23
None
Getting URL error: An exception of type TimeoutException in File: text/corpus/athenaeus.csv at line: 48037, token ἀναρίθμους
URL: https://logeion.uchicago.edu/morpho/%E1%BC%80%CE%BD%CE%B1%CF%81%CE%AF%CE%B8%CE%BC%CE%BF%CF%85%CF%82
None
Getting URL error: An exception of type TimeoutException in File: text/corpus/athenaeus.csv at line: 51185, token #
URL: https://logeion.uchicago.edu/morpho/%23
None
Getting URL error: An exception of type TimeoutException in File: text/corpus/athenaeus.csv at line: 51962, token ʼ
URL: https://logeion.uchicago.edu/morpho/%CA%BC
None
Getting URL error: An exception of type TimeoutException in File: text/corpus/athenaeus.csv at line: 53424, token #
URL: https://logeion.uchicago.edu/morpho/%23
None
Getting URL error: An exception of type TimeoutException in File: text/corpus/athenaeus.csv at line: 53622, token #
URL: https://logeion.uchicago.edu/morpho/%23
None
Getting URL error: An exception of type TimeoutException in File: text/corpus/athenaeus.csv at line: 53988, token δ᾽
URL: https://logeion.uchicago.edu/morpho/%CE%B4%E1%BE%BD
None
Getting URL error: An exception of type TimeoutException in File: text/corpus/athenaeus.csv at line: 54922, token ταρίχων
URL: https://logeion.uchicago.edu/morpho/%CF%84%CE%B1%CF%81%CE%AF%CF%87%CF%89%CE%BD
None
Getting URL error: An exception of type TimeoutException in File: text/corpus/athenaeus.csv at line: 57725, token #
URL: https://logeion.uchicago.edu/morpho/%23
None
Getting URL error: An exception of type TimeoutException in File: text/corpus/athenaeus.csv at line: 59319, token σοι
URL: https://logeion.uchicago.edu/morpho/%CF%83%CE%BF%CE%B9
None
Getting URL error: An exception of type TimeoutException in File: text/corpus/athenaeus.csv at line: 60782, token δ᾽
URL: https://logeion.uchicago.edu/morpho/%CE%B4%E1%BE%BD
None
Getting URL error: An exception of type TimeoutException in File: text/corpus/athenaeus.csv at line: 64992, token #
URL: https://logeion.uchicago.edu/morpho/%23
None
Getting URL error: An exception of type TimeoutException in File: text/corpus/athenaeus.csv at line: 70636, token τραπεζῶν
URL: https://logeion.uchicago.edu/morpho/%CF%84%CF%81%CE%B1%CF%80%CE%B5%CE%B6%E1%BF%B6%CE%BD
None
Getting URL error: An exception of type TimeoutException in File: text/corpus/athenaeus.csv at line: 70726, token ὄξους
URL: https://logeion.uchicago.edu/morpho/%E1%BD%84%CE%BE%CE%BF%CF%85%CF%82
None
Getting URL error: An exception of type TimeoutException in File: text/corpus/athenaeus.csv at line: 73452, token τινὰ
URL: https://logeion.uchicago.edu/morpho/%CF%84%CE%B9%CE%BD%E1%BD%B0
None
Getting URL error: An exception of type TimeoutException in File: text/corpus/athenaeus.csv at line: 75315, token <καὶ>
URL: https://logeion.uchicago.edu/morpho/%3C%CE%BA%CE%B1%E1%BD%B6%3E
None
Getting URL error: An exception of type TimeoutException in File: text/corpus/athenaeus.csv at line: 79333, token #
URL: https://logeion.uchicago.edu/morpho/%23
None
Getting URL error: An exception of type TimeoutException in File: text/corpus/athenaeus.csv at line: 81786, token ʼ
URL: https://logeion.uchicago.edu/morpho/%CA%BC
None
Getting URL error: An exception of type TimeoutException in File: text/corpus/athenaeus.csv at line: 87046, token ʼ
URL: https://logeion.uchicago.edu/morpho/%CA%BC
None
Getting URL error: An exception of type TimeoutException in File: text/corpus/athenaeus.csv at line: 89112, token πολυτελεστάτου
URL: https://logeion.uchicago.edu/morpho/%CF%80%CE%BF%CE%BB%CF%85%CF%84%CE%B5%CE%BB%CE%B5%CF%83%CF%84%CE%AC%CF%84%CE%BF%CF%85
None
Getting URL error: An exception of type TimeoutException in File: text/corpus/athenaeus.csv at line: 92968, token #
URL: https://logeion.uchicago.edu/morpho/%23
None
Getting URL error: An exception of type TimeoutException in File: text/corpus/athenaeus.csv at line: 95535, token ἐφ᾽
URL: https://logeion.uchicago.edu/morpho/%E1%BC%90%CF%86%E1%BE%BD
None
Getting URL error: An exception of type TimeoutException in File: text/corpus/athenaeus.csv at line: 96385, token #
URL: https://logeion.uchicago.edu/morpho/%23
None
Getting URL error: An exception of type TimeoutException in File: text/corpus/athenaeus.csv at line: 100017, token με
URL: https://logeion.uchicago.edu/morpho/%CE%BC%CE%B5
None
Getting URL error: An exception of type TimeoutException in File: text/corpus/athenaeus.csv at line: 109387, token ἠριστηκέναι
URL: https://logeion.uchicago.edu/morpho/%E1%BC%A0%CF%81%CE%B9%CF%83%CF%84%CE%B7%CE%BA%CE%AD%CE%BD%CE%B1%CE%B9
None
Getting URL error: An exception of type TimeoutException in File: text/corpus/athenaeus.csv at line: 114560, token #
URL: https://logeion.uchicago.edu/morpho/%23
None
Getting URL error: An exception of type TimeoutException in File: text/corpus/athenaeus.csv at line: 116269, token υἱοῦ
URL: https://logeion.uchicago.edu/morpho/%CF%85%E1%BC%B1%CE%BF%E1%BF%A6
None
Getting URL error: An exception of type TimeoutException in File: text/corpus/athenaeus.csv at line: 117657, token οὐδενὶ
URL: https://logeion.uchicago.edu/morpho/%CE%BF%E1%BD%90%CE%B4%CE%B5%CE%BD%E1%BD%B6
None
Getting URL error: An exception of type TimeoutException in File: text/corpus/athenaeus.csv at line: 127356, token #
URL: https://logeion.uchicago.edu/morpho/%23
None
Getting URL error: An exception of type TimeoutException in File: text/corpus/athenaeus.csv at line: 135744, token Ποταμίοις
URL: https://logeion.uchicago.edu/morpho/%CE%A0%CE%BF%CF%84%CE%B1%CE%BC%CE%AF%CE%BF%CE%B9%CF%82
None
Getting URL error: An exception of type TimeoutException in File: text/corpus/athenaeus.csv at line: 137148, token βαλάνων
URL: https://logeion.uchicago.edu/morpho/%CE%B2%CE%B1%CE%BB%CE%AC%CE%BD%CF%89%CE%BD
None
Getting URL error: An exception of type TimeoutException in File: text/corpus/athenaeus.csv at line: 141241, token Μιλησίους
URL: https://logeion.uchicago.edu/morpho/%CE%9C%CE%B9%CE%BB%CE%B7%CF%83%CE%AF%CE%BF%CF%85%CF%82
None
Getting URL error: An exception of type TimeoutException in File: text/corpus/athenaeus.csv at line: 141313, token εὐμέγεθες
URL: https://logeion.uchicago.edu/morpho/%CE%B5%E1%BD%90%CE%BC%CE%AD%CE%B3%CE%B5%CE%B8%CE%B5%CF%82
None
Getting URL error: An exception of type TimeoutException in File: text/corpus/athenaeus.csv at line: 141635, token #
URL: https://logeion.uchicago.edu/morpho/%23
None
Getting URL error: An exception of type TimeoutException in File: text/corpus/athenaeus.csv at line: 148293, token Ἁλιευτικῷ
URL: https://logeion.uchicago.edu/morpho/%E1%BC%89%CE%BB%CE%B9%CE%B5%CF%85%CF%84%CE%B9%CE%BA%E1%BF%B7
None
Getting URL error: An exception of type TimeoutException in File: text/corpus/athenaeus.csv at line: 148821, token #
URL: https://logeion.uchicago.edu/morpho/%23
None
Getting URL error: An exception of type TimeoutException in File: text/corpus/athenaeus.csv at line: 152660, token #
URL: https://logeion.uchicago.edu/morpho/%23
None
Getting URL error: An exception of type TimeoutException in File: text/corpus/athenaeus.csv at line: 169908, token σύγκοπτα
URL: https://logeion.uchicago.edu/morpho/%CF%83%CF%8D%CE%B3%CE%BA%CE%BF%CF%80%CF%84%CE%B1
None
Getting URL error: An exception of type TimeoutException in File: text/corpus/athenaeus.csv at line: 171936, token διακονῇς
URL: https://logeion.uchicago.edu/morpho/%CE%B4%CE%B9%CE%B1%CE%BA%CE%BF%CE%BD%E1%BF%87%CF%82
None
Getting URL error: An exception of type TimeoutException in File: text/corpus/athenaeus.csv at line: 176700, token #
URL: https://logeion.uchicago.edu/morpho/%23
None
Getting URL error: An exception of type TimeoutException in File: text/corpus/athenaeus.csv at line: 176793, token πανέλοπες
URL: https://logeion.uchicago.edu/morpho/%CF%80%CE%B1%CE%BD%CE%AD%CE%BB%CE%BF%CF%80%CE%B5%CF%82
None
Getting URL error: An exception of type TimeoutException in File: text/corpus/athenaeus.csv at line: 178982, token δ᾽
URL: https://logeion.uchicago.edu/morpho/%CE%B4%E1%BE%BD
None
Getting URL error: An exception of type TimeoutException in File: text/corpus/athenaeus.csv at line: 180554, token #
URL: https://logeion.uchicago.edu/morpho/%23
None
Getting URL error: An exception of type TimeoutException in File: text/corpus/athenaeus.csv at line: 202349, token ἔχεἰ
URL: https://logeion.uchicago.edu/morpho/%E1%BC%94%CF%87%CE%B5%E1%BC%B0
None
Getting URL error: An exception of type TimeoutException in File: text/corpus/athenaeus.csv at line: 212126, token ἓν
URL: https://logeion.uchicago.edu/morpho/%E1%BC%93%CE%BD
None
Getting URL error: An exception of type TimeoutException in File: text/corpus/athenaeus.csv at line: 213106, token ἡμῖν
URL: https://logeion.uchicago.edu/morpho/%E1%BC%A1%CE%BC%E1%BF%96%CE%BD
None
Getting URL error: An exception of type TimeoutException in File: text/corpus/athenaeus.csv at line: 219068, token #
URL: https://logeion.uchicago.edu/morpho/%23
None
Getting URL error: An exception of type TimeoutException in File: text/corpus/athenaeus.csv at line: 226492, token ἐπ᾽
URL: https://logeion.uchicago.edu/morpho/%E1%BC%90%CF%80%E1%BE%BD
None
Getting URL error: An exception of type TimeoutException in File: text/corpus/athenaeus.csv at line: 228677, token μεθ᾽
URL: https://logeion.uchicago.edu/morpho/%CE%BC%CE%B5%CE%B8%E1%BE%BD
None
Getting URL error: An exception of type TimeoutException in File: text/corpus/athenaeus.csv at line: 231081, token Καρσί
URL: https://logeion.uchicago.edu/morpho/%CE%9A%CE%B1%CF%81%CF%83%CE%AF
None
Getting URL error: An exception of type TimeoutException in File: text/corpus/athenaeus.csv at line: 234765, token χαρισάμενος
URL: https://logeion.uchicago.edu/morpho/%CF%87%CE%B1%CF%81%CE%B9%CF%83%CE%AC%CE%BC%CE%B5%CE%BD%CE%BF%CF%82
None
Getting URL error: An exception of type TimeoutException in File: text/corpus/athenaeus.csv at line: 248536, token #
URL: https://logeion.uchicago.edu/morpho/%23
None
Getting URL error: An exception of type TimeoutException in File: text/corpus/athenaeus.csv at line: 250063, token χαρισαμένου
URL: https://logeion.uchicago.edu/morpho/%CF%87%CE%B1%CF%81%CE%B9%CF%83%CE%B1%CE%BC%CE%AD%CE%BD%CE%BF%CF%85
None
Getting URL error: An exception of type TimeoutException in File: text/corpus/athenaeus.csv at line: 272100, token χαρισαμένους
URL: https://logeion.uchicago.edu/morpho/%CF%87%CE%B1%CF%81%CE%B9%CF%83%CE%B1%CE%BC%CE%AD%CE%BD%CE%BF%CF%85%CF%82
None
Getting URL error: An exception of type TimeoutException in File: text/corpus/athenaeus.csv at line: 277239, token #
URL: https://logeion.uchicago.edu/morpho/%23
None
Getting URL error: An exception of type TimeoutException in File: text/corpus/athenaeus.csv at line: 279826, token τι
URL: https://logeion.uchicago.edu/morpho/%CF%84%CE%B9
None
Getting URL error: An exception of type TimeoutException in File: text/corpus/athenaeus.csv at line: 280679, token #
URL: https://logeion.uchicago.edu/morpho/%23
None
Getting URL error: An exception of type TimeoutException in File: text/corpus/athenaeus.csv at line: 283060, token #
URL: https://logeion.uchicago.edu/morpho/%23
None
Getting URL error: An exception of type TimeoutException in File: text/corpus/athenaeus.csv at line: 283062, token #
URL: https://logeion.uchicago.edu/morpho/%23
None
Getting URL error: An exception of type TimeoutException in File: text/corpus/athenaeus.csv at line: 283651, token #
URL: https://logeion.uchicago.edu/morpho/%23
None
Getting URL error: An exception of type TimeoutException in File: text/corpus/athenaeus.csv at line: 284522, token #
URL: https://logeion.uchicago.edu/morpho/%23
None
Getting URL error: An exception of type TimeoutException in File: text/corpus/athenaeus.csv at line: 286565, token αἰόλῳ
URL: https://logeion.uchicago.edu/morpho/%CE%B1%E1%BC%B0%CF%8C%CE%BB%E1%BF%B3
None
Getting URL error: An exception of type TimeoutException in File: text/corpus/athenaeus.csv at line: 292862, token #
URL: https://logeion.uchicago.edu/morpho/%23
None
Getting URL error: An exception of type TimeoutException in File: text/corpus/athenaeus.csv at line: 294005, token #
URL: https://logeion.uchicago.edu/morpho/%23
None
Getting URL error: An exception of type TimeoutException in File: text/corpus/athenaeus.csv at line: 295401, token #
URL: https://logeion.uchicago.edu/morpho/%23
None
Getting URL error: An exception of type TimeoutException in File: text/corpus/athenaeus.csv at line: 295476, token #
URL: https://logeion.uchicago.edu/morpho/%23
None
Getting URL error: An exception of type TimeoutException in File: text/corpus/athenaeus.csv at line: 296508, token ἦς
URL: https://logeion.uchicago.edu/morpho/%E1%BC%A6%CF%82
None
Getting URL error: An exception of type TimeoutException in File: text/corpus/athenaeus.csv at line: 297269, token #
URL: https://logeion.uchicago.edu/morpho/%23
None
Getting URL error: An exception of type TimeoutException in File: text/corpus/athenaeus.csv at line: 299636, token #
URL: https://logeion.uchicago.edu/morpho/%23
None
Getting URL error: An exception of type TimeoutException in File: text/corpus/athenaeus.csv at line: 301508, token τι
URL: https://logeion.uchicago.edu/morpho/%CF%84%CE%B9
None
Getting URL error: An exception of type TimeoutException in File: text/corpus/athenaeus.csv at line: 305381, token καθ᾽
URL: https://logeion.uchicago.edu/morpho/%CE%BA%CE%B1%CE%B8%E1%BE%BD
None
Getting URL error: An exception of type TimeoutException in File: text/corpus/athenaeus.csv at line: 311878, token ἑτοιμάζουσιν
URL: https://logeion.uchicago.edu/morpho/%E1%BC%91%CF%84%CE%BF%CE%B9%CE%BC%CE%AC%CE%B6%CE%BF%CF%85%CF%83%CE%B9%CE%BD
None
Getting URL error: An exception of type TimeoutException in File: text/corpus/athenaeus.csv at line: 311978, token #
URL: https://logeion.uchicago.edu/morpho/%23
None
Getting URL error: An exception of type TimeoutException in File: text/corpus/athenaeus.csv at line: 316684, token #
URL: https://logeion.uchicago.edu/morpho/%23
None
Getting URL error: An exception of type TimeoutException in File: text/corpus/athenaeus.csv at line: 320258, token #
URL: https://logeion.uchicago.edu/morpho/%23
None
Getting URL error: An exception of type TimeoutException in File: text/corpus/athenaeus.csv at line: 320291, token #
URL: https://logeion.uchicago.edu/morpho/%23
None
Getting URL error: An exception of type TimeoutException in File: text/corpus/athenaeus.csv at line: 320321, token #
URL: https://logeion.uchicago.edu/morpho/%23
None
Getting URL error: An exception of type TimeoutException in File: text/corpus/athenaeus.csv at line: 320350, token #
URL: https://logeion.uchicago.edu/morpho/%23
None
Getting URL error: An exception of type TimeoutException in File: text/corpus/athenaeus.csv at line: 320435, token #
URL: https://logeion.uchicago.edu/morpho/%23
None
Getting URL error: An exception of type TimeoutException in File: text/corpus/athenaeus.csv at line: 320595, token #
URL: https://logeion.uchicago.edu/morpho/%23
None
Getting URL error: An exception of type TimeoutException in File: text/corpus/athenaeus.csv at line: 320623, token #
URL: https://logeion.uchicago.edu/morpho/%23
None
Getting URL error: An exception of type TimeoutException in File: text/corpus/athenaeus.csv at line: 320710, token #
URL: https://logeion.uchicago.edu/morpho/%23
None
Getting URL error: An exception of type TimeoutException in File: text/corpus/athenaeus.csv at line: 320762, token #
URL: https://logeion.uchicago.edu/morpho/%23
None
Getting URL error: An exception of type TimeoutException in File: text/corpus/athenaeus.csv at line: 320824, token #
URL: https://logeion.uchicago.edu/morpho/%23
None
Getting URL error: An exception of type TimeoutException in File: text/corpus/athenaeus.csv at line: 320868, token #
URL: https://logeion.uchicago.edu/morpho/%23
None
Getting URL error: An exception of type TimeoutException in File: text/corpus/athenaeus.csv at line: 320998, token #
URL: https://logeion.uchicago.edu/morpho/%23
None
Getting URL error: An exception of type TimeoutException in File: text/corpus/athenaeus.csv at line: 322705, token #
URL: https://logeion.uchicago.edu/morpho/%23
None
