,line,token,lemma
0,8,ἀρθέντʼ,αἴρω
1,10,προστομίων,
2,11,λεπτοψαμάθων,
3,14,Δίαν,
4,16,λιποῦσαι,λείπω
5,23,ἐφʼ,ἐπί
6,30,ἀλλʼ,ἀλλά
7,37,ʼξʼονοταζόμεναι,
8,48,κύδιστʼ,
9,55,κῦμʼ,κῦμα
10,69,βοὸς,βοῦς
11,75,εὐχόμενον,εὔχομαι
12,78,τίνʼ,τις
13,85,ἀφικοίμεθα,ἀφικνέομαι
14,140,τῆ,
15,150,πόντονδʼ,πόντος
16,159,τʼ,τε
17,161,τʼ,τε
18,179,τήνδʼ,ὅδε
19,183,Χορός,χορός
20,189,ὑπερ,
21,192,τιμάορʼ,τιμωρός
22,194,ἶνίν,
23,195,τʼ,τε
24,198,βοὸς,βοῦς
25,212,τʼ,τε
26,215,Χορός,χορός
27,216,ὅντʼ,ὅστε
28,252,Χορός,χορός
29,268,τᾶς,ὅς
30,275,τʼ,τε
31,278,Χορός,χορός
32,279,ἅτʼ,ἅτε
33,291,παιδὸς,παῖς
34,296,ὤλετο,ὄλλυμι
35,300,δυσμάτορος,
36,304,Χορός,χορός
37,307,ἐγὼ,ἐγώ
38,308,φιλόδυρ,
39,310,τος,
40,314,τὰν,ὅς
41,324,ἀνθεμίζομαι,
42,338,Χορός,χορός
43,341,θεοὶ,θεός
44,362,πέλοιτʼ,πέλω
45,380,Χορός,χορός
46,404,Χορός,χορός
47,408,οὐδʼ,οὐδέ
48,430,Χορός,χορός
49,448,ἥμενος,ἧμαι
50,456,ἐφʼ,ἐπί
51,459,Χορός,χορός
52,460,ἰδέσθω,ὁράω
53,468,πυθμὴν,
54,472,μὸν,
55,488,μεταγνούς,μεταγιγνώσκω
56,490,Χορός,χορός
57,494,θρεομένα,
58,506,θρεομένη,
59,510,με,ἐγώ
60,513,Χορός,χορός
61,534,Σιδονία,
62,537,Χορός,χορός
63,544,ἐπίδρομʼ,
64,559,κῦμʼ,κῦμα
65,562,Χορός,χορός
66,586,Χορός,χορός
67,597,μʼ,ἐγώ
68,610,μοι,ἐγώ
69,615,Χορός,χορός
70,630,Χορός,χορός
71,636,μʼ,ἐγώ
72,642,σέμνʼ,σεμνός
73,656,Χορός,χορός
74,671,Χορός,χορός
75,684,Ζῆνα,Ζεύς
76,698,Χορός,χορός
77,700,Ζήν,Ζεύς
78,722,Χορός,χορός
79,724,τότʼ,τότε
80,733,βοὸς,βοῦς
81,734,παῖδʼ,παῖς
82,735,ἀτιμάσας,ἀτιμάζω
83,738,αὐ,
84,740,τός,
85,758,Χορός,χορός
86,760,Ζήν,Ζεύς
87,763,ἰῶ,ἰάομαι
88,794,δε,
89,806,τἄμʼ,ἐγώ
90,808,δελτουμένας,
91,832,τʼ,τε
92,838,ἡμᾶς,ἡμεῖς
93,845,πεπυσμένοι,πυνθάνομαι
94,847,ἀλλʼ,ἀλλά
95,856,τόνδʼ,ὅδε
96,881,ἀλλʼ,ἀλλά
97,888,ἱκετηρίας,ἱκετηρία
98,890,ἁγάλματʼ,ἄγαλμα
99,904,ζαχρεῖʼ,
100,907,ἀμείβεσθʼ,ἀμείβω
101,915,τάσδʼ,ὅδε
102,921,ἑπέσθω,ἕπομαι
103,943,μηδʼ,μηδέ
104,951,κάρτʼ,κάρτα
105,991,ἴδοιτο,ὁράω
106,997,θέλοιμʼ,ἐθέλω
107,1045,φυγάδʼ,φυγάς
108,1046,ἀπʼ,ἀπό
109,1063,τίνʼ,τις
110,1076,ἀλλʼ,ἀλλά
111,1078,τʼ,τε
112,1086,ὅδʼ,ὅδε
113,1102,σέβεσθʼ,σέβομαι
114,1136,ἁγνὸς,ἁγνός
115,1137,γένοιτʼ,γίγνομαι
116,1154,τἀπλακήμαθʼ,
117,1169,τόνδε,ὅδε
118,1175,ὑμῖν,ὑμεῖς
119,1183,τόνδʼ,ὅδε
120,1194,Ἀργολὶς,
121,1195,ἐσθὴς,ἐσθής
122,1197,οὐδʼ,οὐδέ
123,1246,πόλλʼ,πολύς
124,1247,ἔτʼ,ἔτι
125,1266,ἐγὼ,ἐγώ
126,1269,σὲ,σύ
127,1284,ταῦτʼ,οὗτος
128,1287,λέγʼ,λέγω
129,1289,ἐμοί,ἐγώ
130,1295,ἐγὼ,ἐγώ
131,1339,Πίνδου,
132,1393,χρανθεῖσʼ,
133,1413,ποτʼ,πρός
134,1415,ηὕρετʼ,εὑρίσκω
135,1422,τἀπʼ,ἐπί
136,1426,τʼ,τε
137,1444,θʼ,τε
138,1457,ταῦτʼ,οὗτος
139,1464,μυθεῖσθʼ,μυθέομαι
140,1479,Λιβυστικαῖς,
141,1482,ἐμφερέστεραι,ἐμφερής
142,1497,τʼ,τε
143,1505,ἀρσένων,ἄρσην
144,1508,τʼ,τε
145,1517,παρʼ,παρά
146,1519,ἀστυγειτονουμένας,
147,1525,τʼ,τε
148,1545,γένεθλον,
149,1547,τʼ,τε
150,1578,Ζῆνα,Ζεύς
151,1583,γʼ,γε
152,1600,θεός,θεός
153,1605,ἐπʼ,ἐπί
154,1619,ταῦτʼ,οὗτος
155,1649,βοΐ,βοῦς
156,1663,νιν,νιν
157,1671,ταῦτʼ,οὗτος
158,1675,ἐμοί,ἐγώ
159,1681,Μέμφιν,Μέμφις
160,1682,ἵκετο,ἱκνέομαι
161,1686,γʼ,γε
162,1695,Δῖος,
163,1712,τίνʼ,τις
164,1714,ἔτʼ,ἔτι
165,1723,τοῦδʼ,ὅδε
166,1731,τοῦτό,οὗτος
167,1732,μοι,ἐγώ
168,1745,τοὔνομʼ,ὄνομα
169,1753,ἁμὸν,ἁμός
170,1765,μοι,ἐγώ
171,1778,τίς,τις
172,1785,αἰόλʼ,
173,1800,τήνδʼ,ὅδε
174,1812,μεταπτοιοῦσαν,
175,1819,τῶνδʼ,ὅδε
176,1823,λευκοστεφεῖς,
177,1830,γένωμαι,γίγνομαι
178,1849,ὠνοῖτο,ὠνέομαι
179,1851,κεκτημένους,κτάομαι
180,1862,γʼ,γε
181,1871,ἐγὼ,ἐγώ
182,1877,παισὶν,παῖς
183,1883,γʼ,γε
184,1890,ἀλλʼ,ἀλλά
185,1898,γʼ,γε
186,1902,κοινωνὸς,κοινωνός
187,1909,ὧδʼ,ὧδε
188,1925,Χορός,χορός
189,1930,μου,ἐγώ
190,1938,με,ἐγώ
191,1939,τὰν,ὅς
192,1951,ἵνʼ,ἵνα
193,1954,μέμυ,
194,1956,κε,ἄν
195,1966,νεύονθʼ,νεύω
196,1976,τοῦτʼ,οὗτος
197,1979,μηδʼ,μηδέ
198,1985,γένηται,γίγνομαι
199,1993,Χορός,χορός
200,1994,ἴδοιτο,ὁράω
201,2003,σὺ,σύ
202,2006,ὀψιγόνου,
203,2011,αἰδόμενος,αἰδέομαι
204,2013,ἱεροδόκα,
205,2015,λήματʼ,λῆμα
206,2016,ἀπʼ,ἀπό
207,2022,κάθησθε,κάθημαι
208,2040,ἐγὼ,ἐγώ
209,2044,κραίνοιμʼ,κραίνω
210,2045,ὑπόσχεσιν,ὑπόσχεσις
211,2055,Χορός,χορός
212,2106,οὐδʼ,οὐδέ
213,2108,τόδʼ,ὅδε
214,2119,μʼ,ἐγώ
215,2121,φρένας,φρήν
216,2131,Χορός,χορός
217,2134,σκοπὸν,σκοπός
218,2144,προσήμενοι,
219,2182,σε,σύ
220,2197,Χορός,χορός
221,2200,ποτʼ,πρός
222,2205,ἀρσένων,ἄρσην
223,2218,ἑλόμενος,αἱρέω
224,2233,μʼ,ἐγώ
225,2271,Χορός,χορός
226,2294,μεταλ,
227,2296,γεῖς,
228,2317,μηδʼ,μηδέ
229,2328,αὐτοῖσί,αὐτός
230,2329,θʼ,τε
231,2330,ἡμῖν,ἡμεῖς
232,2339,μήτʼ,μήτε
233,2343,ὧδʼ,ὧδε
234,2349,θεὸν,θεός
235,2356,οὐδʼ,οὐδέ
236,2370,Χορός,χορός
237,2378,τὰν,ὅς
238,2383,τὰν,ὅς
239,2389,Χορός,χορός
240,2392,μʼ,ἐγώ
241,2396,ῥυσια,
242,2398,σθεῖσαν,
243,2414,Χορός,χορός
244,2418,τὰν,ὅς
245,2431,τʼ,τε
246,2435,Χορός,χορός
247,2439,παισὶ,παῖς
248,2444,ὁπότερʼ,ὁπότερος
249,2455,φράσαι,φράζω
250,2475,πᾶσʼ,πᾶς
251,2476,ἔστʼ,εἰμί
252,2483,ναυτικαῖσιν,ναυτικός
253,2504,μέγʼ,μέγας
254,2507,γένοιτʼ,γίγνομαι
255,2521,γένοιτο,γίγνομαι
256,2566,γένοιτο,γίγνομαι
257,2586,με,ἐγώ
258,2596,τάχʼ,τάχα
259,2613,τίνʼ,τις
260,2616,γηρυθεῖσʼ,
261,2617,ἔσῃ,εἰμί
262,2622,πιστὸν,πιστός
263,2623,τῷδʼ,ὅδε
264,2628,σοι,σύ
265,2639,αἰνιγματῶδες,
266,2642,ἀλλʼ,ἀλλά
267,2649,τάχιστʼ,ταχύς
268,2682,μάλʼ,μάλα
269,2684,τόδʼ,ὅδε
270,2694,ὑμῖν,ὑμεῖς
271,2695,μὴ,μή
272,2696,τόδʼ,ὅδε
273,2709,παισὶν,παῖς
274,2757,αἶψʼ,αἶψα
275,2762,ἐπʼ,ἐπί
276,2776,μηδʼ,μηδέ
277,2779,ἐμοῦ,ἐγώ
278,2809,ἥσσοσιν,ἥσσων
279,2818,ἡμῖν,ἡμεῖς
280,2830,τʼ,τε
281,2849,διʼ,διά
282,2881,στείχοιτʼ,στείχω
283,2892,ἡγεῖσθε,ἡγέομαι
284,2903,χρεὼν,χρεών
285,2918,ἐγὼ,ἐγώ
286,2926,ἐμοί,ἐγώ
287,2946,κατʼ,κατά
288,2958,με,ἐγώ
289,2963,σʼ,σύ
290,2966,ἀλλʼ,ἀλλά
291,2968,δρακόντων,δράκων
292,2970,ἐχθίοσιν,ἐχθρός
293,2985,γʼ,γε
294,2999,ἀλλʼ,ἀλλά
295,3006,ἐγὼ,ἐγώ
296,3021,σὸν,σός
297,3032,θεοὺς,θεός
298,3034,λιταῖς,λιτή
299,3035,παραιτοῦ,παραιτέομαι
300,3037,σʼ,σύ
301,3042,ἐγὼ,ἐγώ
302,3050,ἕποιτο,ἕπομαι
303,3055,Χορός,χορός
304,3084,τὰν,ὅς
305,3088,Χορός,χορός
306,3101,εὔφρονʼ,εὔφρων
307,3113,εὐχόμεθʼ,εὔχομαι
308,3117,τᾶσδʼ,ὅδε
309,3120,Χορός,χορός
310,3152,διατέμ,
311,3154,νουσα,
312,3159,Χορός,χορός
313,3162,Ἀσίδος,
314,3180,διʼ,διά
315,3182,Κιλίκων,Κίλιξ
316,3183,Παμφύλων,
317,3186,διορνυμένα,
318,3194,τὰν,ὅς
319,3199,Χορός,χορός
320,3202,σινουμένα,
321,3224,μαινομένα,μαίνομαι
322,3226,ἀτί,
323,3228,μοις,
324,3231,κεντροδα,
325,3233,λήτισι,
326,3238,Χορός,χορός
327,3259,τὰν,ὅς
328,3263,τὰν,ὅς
329,3278,θέλ,
330,3280,ξας,
331,3286,Χορός,χορός
332,3287,διʼ,διά
333,3289,κρέων,κρείων
334,3303,ἀπο,
335,3315,γείνατο,γείνομαι
336,3316,παῖδʼ,παῖς
337,3319,Χορός,χορός
338,3334,Ἥ,ὅς
339,3336,ρας,
340,3340,Χορός,χορός
341,3341,τίνʼ,τις
342,3347,ἐπʼ,ἐπί
343,3353,φυτουργὸς,
344,3367,Χορός,χορός
345,3368,ὑπʼ,ὑπό
346,3372,τινος,τις
347,3381,ἡμένου,ἧμαι
348,3414,φίλτατʼ,φίλος
349,3416,ἐμοί,ἐγώ
350,3419,ἡμῖν,ἡμεῖς
351,3435,ἀλλʼ,ἀλλά
352,3438,με,ἐγώ
353,3452,ἡμᾶς,ἡμεῖς
354,3459,τʼ,τε
355,3464,μήτʼ,μήτε
356,3466,μήτʼ,μήτε
357,3468,τινὰ,τις
358,3492,ἡμῶν,ἡμεῖς
359,3510,θʼ,τε
360,3551,ἐπʼ,ἐπί
361,3566,ἐπʼ,ἐπί
362,3569,τέρμονʼ,
363,3573,Χορός,χορός
364,3578,θεοὶ,θεός
365,3582,εὐ,
366,3584,κταῖα,
367,3599,Ἄπη,
368,3603,θερί,
369,3605,ζοντα,
370,3612,ἡμᾶς,ἡμεῖς
371,3625,τάνδʼ,ὅδε
372,3628,Χορός,χορός
373,3631,ἀρσένων,ἄρσην
374,3634,ἀτιμώ,
375,3636,σαντες,
376,3644,σκοπὸν,σκοπός
377,3653,ἐπʼ,ἐπί
378,3655,μιαί,
379,3657,νοντα,
380,3672,βω,
381,3674,μοῖς,
382,3675,θεοὺς,θεός
383,3678,Χορός,χορός
384,3679,τοιγὰρ,τοιγάρ
385,3685,σθω,
386,3710,μηδʼ,μηδέ
387,3716,ρης,
388,3720,Χορός,χορός
389,3723,πρε,
390,3725,σβυτοδόκοι,
391,3726,γεμόν,
392,3728,των,
393,3736,Ζῆνα,Ζεύς
394,3756,εὐχόμεθʼ,εὔχομαι
395,3764,κῶν,Κῶς
396,3768,Χορός,χορός
397,3771,ἀνδροκμὴς,
398,3779,ἀκίθαριν,
399,3783,τʼ,τε
400,3802,στω,
401,3806,Χορός,χορός
402,3825,τʼ,τε
403,3839,τʼ,τε
404,3842,φερέ,
405,3844,σθω,
406,3846,φιλοφόρμιγξ,
407,3848,Χορός,χορός
408,3850,τʼ,τε
409,3865,τʼ,τε
410,3877,Χορός,χορός
411,3878,θεοὺς,θεός
412,3897,τόδʼ,ὅδε
413,3899,θεσμίοις,
414,3912,ὑμεῖς,ὑμεῖς
415,3915,τρέσητʼ,τρέω
416,3936,με,ἐγώ
417,3950,βλέπουσʼ,βλέπω
418,3980,θʼ,τε
419,3987,ἡγεμὼν,ἡγεμών
420,3995,ἀλλʼ,ἀλλά
421,4001,πρᾶγμʼ,πρᾶγμα
422,4008,ἐγὼ,ἐγώ
423,4011,ξυνδίκους,
424,4030,ἀλλʼ,ἀλλά
425,4032,ἔσται,εἰμί
426,4037,νιν,νιν
427,4048,λαθέσθαι,λανθάνω
428,4058,τʼ,τε
429,4061,θεοὺς,θεός
430,4081,μέσῳ,μέσος
431,4084,Χορός,χορός
432,4086,μʼ,ἐγώ
433,4095,μοι,ἐγώ
434,4105,τελεία,τέλειος
435,4117,σάφʼ,σαφής
436,4119,ἐγώ,ἐγώ
437,4121,Χορός,χορός
438,4124,μάργον,
439,4128,τʼ,τε
440,4136,Χορός,χορός
441,4159,βραχίονʼ,βραχύς
442,4163,Χορός,χορός
443,4174,μονωθεῖσʼ,μονόω
444,4175,οὐδέν,οὐδείς
445,4181,Χορός,χορός
446,4193,βω,
447,4202,ἡμῖν,ἡμεῖς
448,4204,ταῦτʼ,οὗτος
449,4215,Χορός,χορός
450,4224,ἡμῶν,ἡμεῖς
451,4225,χεῖρʼ,χείρ
452,4230,Χορός,χορός
453,4236,μεμαργωμένοι,
454,4243,ἀλλʼ,ἀλλά
455,4289,οὐδʼ,οὐδέ
456,4316,γένοιτʼ,γίγνομαι
457,4347,γέρονθʼ,γέρων
458,4354,Χορός,χορός
459,4396,Χορός,χορός
460,4407,μου,ἐγώ
461,4413,μʼ,ἐγώ
462,4423,βρόχου,βρόχος
463,4435,πρόπαρ,
464,4436,θανούσας,ἀποθνῄσκω
465,4438,Ἀίδας,ᾍδης
466,4441,Χορός,χορός
467,4444,μοι,ἐγώ
468,4445,γένοιτʼ,γίγνομαι
469,4460,ἀπρόσ,
470,4462,δεικτος,
471,4471,μοι,ἐγώ
472,4474,δαΐκτορος,
473,4480,Χορός,χορός
474,4481,κυσὶν,κύων
475,4489,ἀναίνομαι,ἀναίνομαι
476,4495,ἐλευθεροῦ,ἐλευθερόω
477,4497,ται,
478,4508,τας,
479,4513,τίνʼ,τις
480,4520,Χορός,χορός
481,4534,μοι,ἐγώ
482,4536,τʼ,τε
483,4538,τʼ,τε
484,4559,Χορός,χορός
485,4567,με,ἐγώ
486,4577,σὸν,σός
487,4600,μάρπτις,
488,4607,μάρπτι,
489,4611,ἰόφ,
490,4614,ὀμ,
491,4618,κάκκας,
492,4620,δυϊαν,
493,4641,χλιδᾷ,
494,4643,ναῒ,ναῦς
495,4655,ριν,
496,4673,ὀλύμεναι,
497,4674,ὀλόμενʼ,ὄλλυμι
498,4675,ἐπαμίδα,
499,4677,Χορός,χορός
500,4692,αἵμονες,
501,4694,ἐπάμιδα,
502,4695,ησυδουπιάπιτα,
503,4696,Κῆρυξ,κῆρυξ
504,4702,τʼ,τε
505,4713,δόρυ,δόρυ
506,4720,Χορός,χορός
507,4735,ἐγὼ,ἐγώ
508,4742,Κῆρυξ,κῆρυξ
509,4743,σὺ,σύ
510,4760,βαθυμιτροκακὰ,
511,4761,παθῶν,πάθος
512,4762,ὀλόμεναι,ὄλλυμι
513,4765,Χορός,χορός
514,4773,διʼ,διά
515,4781,ἀλαθεὶς,ἀλάομαι
516,4785,Κῆρυχ,
517,4797,ὑπερθορῇ,
518,4808,Χορός,χορός
519,4827,σʼ,σύ
520,4834,σʼ,σύ
521,4835,ἀποτρέ,
522,4837,ψειεν,
523,4841,Κῆρυξ,κῆρυξ
524,4858,οὐδάμʼ,οὐδαμά
525,4861,Χορός,χορός
526,4869,μʼ,ἐγώ
527,4874,ἄραχνος,
528,4890,φοβερὸν,φοβερός
529,4901,Κῆρυξ,κῆρυξ
530,4910,μʼ,ἐγώ
531,4917,Χορός,χορός
532,4921,ὄφις,ὄφις
533,4926,μέ,ἐγώ
534,4929,δακοῦσʼ,δάκνω
535,4939,φοβερὸν,φοβερός
536,4967,ἄσεπτʼ,
537,4981,θαρσεῖτʼ,θαρσέω
538,4984,ἐρεῖτʼ,λέγω
539,4997,ἀποσπάσας,ἀποσπάω
540,5018,τήνδʼ,ὅδε
541,5022,ἀλλʼ,ἀλλά
542,5038,πόλλʼ,πολύς
543,5048,ἐμοὶ,ἐγώ
544,5063,τἄμʼ,ἐγώ
545,5081,θεοὺς,θεός
546,5094,οὐδέν,οὐδείς
547,5097,ἐγὼ,ἐγώ
548,5101,ἄγοιμʼ,ἄγω
549,5134,λέγοιμʼ,λέγω
550,5137,παισὶν,παῖς
551,5142,τοῦτʼ,οὗτος
552,5147,ἀλλʼ,ἀλλά
553,5168,τίνος,τις
554,5169,τʼ,τε
555,5202,σοι,σύ
556,5205,τοὔνομʼ,ὄνομα
557,5211,σύ,σύ
558,5212,τʼ,τε
559,5215,ξυνέμποροι,
560,5222,κατʼ,κατά
561,5238,μία,εἷς
562,5258,ταῦτʼ,οὗτος
563,5263,οὐδʼ,οὐδέ
564,5267,κατεσφραγισμένα,
565,5279,τάχιστʼ,ταχύς
566,5295,ἄρσεσιν,ἄρσην
567,5297,ἀλλʼ,ἀλλά
568,5298,ἄρσενάς,ἄρσην
569,5310,ὑμεῖς,ὑμεῖς
570,5328,δώματʼ,δῶμα
571,5335,δεδωμάτωμαι,
572,5338,ἐγὼ,ἐγώ
573,5376,ἐγὼ,ἐγώ
574,5391,ἀλλʼ,ἀλλά
575,5439,τʼ,τε
576,5453,ἐφʼ,ἐπί
577,5470,θʼ,τε
578,5485,μου,ἐγώ
579,5497,ἐμοὶ,ἐγώ
580,5512,ʼξ,ἐκ
581,5522,ἀείζων,
582,5536,ταῦθʼ,οὗτος
583,5546,ἀγνῶθʼ,ἀγνώς
584,5561,τʼ,τε
585,5567,ὑμᾶς,ὑμεῖς
586,5572,ἐμέ,ἐγώ
587,5576,τήνδʼ,ὅδε
588,5605,καλωρα,
589,5607,θωσμένειν,
590,5640,μηδʼ,μηδέ
591,5642,ἡμῖν,ἡμεῖς
592,5685,τἄλλʼ,ἀλλά
593,5715,Χορός,χορός
594,5716,Δαναΐδων,
595,5721,θεοὺς,θεός
596,5727,χεῦμʼ,χόω
597,5751,Χορός,χορός
598,5752,Δαναΐδων,
599,5777,μηδʼ,μηδέ
600,5778,ὑπʼ,ὑπό
601,5784,στυγίων,
602,5789,Χορός,χορός
603,5790,Θεραπαινῶν,θεράπαινα
604,5796,ὅδʼ,ὅδε
605,5808,θεὸς,θεός
606,5813,μετάκοινοι,
607,5815,φίλᾷ,φίλος
608,5816,ματρὶ,μήτηρ
609,5820,τʼ,τε
610,5821,οὐδὲν,οὐδείς
611,5825,Πειθοῖ,πειθώ
612,5834,τʼ,τε
613,5837,Χορός,χορός
614,5838,Θεραπαινῶν,θεράπαινα
615,5843,τʼ,τε
616,5844,ἄλγη,ἄλγος
617,5864,γένοιτʼ,γίγνομαι
618,5885,Δαναΐς,
619,5892,μοι,ἐγώ
620,5894,Θεράπαινα,θεράπαινα
621,5901,Δαναΐς,
622,5908,Θεράπαινα,θεράπαινα
623,5911,γʼ,γε
624,5917,Δαναΐς,
625,5928,Θεράπαινα,θεράπαινα
626,5934,Δαναΐς,
627,5935,τίνα,τίς
628,5937,με,ἐγώ
629,5940,Θεράπαινα,θεράπαινα
630,5943,μηδὲν,μηδείς
631,5946,Χορός,χορός
632,5949,ἀποστεροί,
633,5951,η,
634,5959,ἐλύσατʼ,λύω
635,5969,Χορός,χορός
636,5975,ξίν,
637,5988,ἕπε,
638,5990,σθαι,
639,6009,ἀρθέντʼ,αἴρω
640,6011,προστομίων,
641,6012,λεπτοψαμάθων,
642,6015,Δίαν,
643,6017,λιποῦσαι,λείπω
644,6024,ἐφʼ,ἐπί
645,6031,ἀλλʼ,ἀλλά
646,6038,ʼξʼονοταζόμεναι,
647,6049,κύδιστʼ,
648,6056,κῦμʼ,κῦμα
649,6070,βοὸς,βοῦς
650,6076,εὐχόμενον,εὔχομαι
651,6079,τίνʼ,τις
652,6086,ἀφικοίμεθα,ἀφικνέομαι
653,6141,τῆ,
654,6151,πόντονδʼ,πόντος
655,6160,τʼ,τε
656,6162,τʼ,τε
657,6180,τήνδʼ,ὅδε
658,6184,Χορός,χορός
659,6190,ὑπερ,
660,6193,τιμάορʼ,τιμωρός
661,6195,ἶνίν,
662,6196,τʼ,τε
663,6199,βοὸς,βοῦς
664,6213,τʼ,τε
665,6216,Χορός,χορός
666,6217,ὅντʼ,ὅστε
667,6253,Χορός,χορός
668,6269,τᾶς,ὅς
669,6276,τʼ,τε
670,6279,Χορός,χορός
671,6280,ἅτʼ,ἅτε
672,6292,παιδὸς,παῖς
673,6297,ὤλετο,ὄλλυμι
674,6301,δυσμάτορος,
675,6305,Χορός,χορός
676,6308,ἐγὼ,ἐγώ
677,6309,φιλόδυρ,
678,6311,τος,
679,6315,τὰν,ὅς
680,6325,ἀνθεμίζομαι,
681,6339,Χορός,χορός
682,6342,θεοὶ,θεός
683,6363,πέλοιτʼ,πέλω
684,6381,Χορός,χορός
685,6405,Χορός,χορός
686,6409,οὐδʼ,οὐδέ
687,6431,Χορός,χορός
688,6449,ἥμενος,ἧμαι
689,6457,ἐφʼ,ἐπί
690,6460,Χορός,χορός
691,6461,ἰδέσθω,ὁράω
692,6469,πυθμὴν,
693,6473,μὸν,
694,6489,μεταγνούς,μεταγιγνώσκω
695,6491,Χορός,χορός
696,6495,θρεομένα,
697,6507,θρεομένη,
698,6511,με,ἐγώ
699,6514,Χορός,χορός
700,6535,Σιδονία,
701,6538,Χορός,χορός
702,6545,ἐπίδρομʼ,
703,6560,κῦμʼ,κῦμα
704,6563,Χορός,χορός
705,6587,Χορός,χορός
706,6598,μʼ,ἐγώ
707,6611,μοι,ἐγώ
708,6616,Χορός,χορός
709,6631,Χορός,χορός
710,6637,μʼ,ἐγώ
711,6643,σέμνʼ,σεμνός
712,6657,Χορός,χορός
713,6672,Χορός,χορός
714,6685,Ζῆνα,Ζεύς
715,6699,Χορός,χορός
716,6701,Ζήν,Ζεύς
717,6723,Χορός,χορός
718,6725,τότʼ,τότε
719,6734,βοὸς,βοῦς
720,6735,παῖδʼ,παῖς
721,6736,ἀτιμάσας,ἀτιμάζω
722,6739,αὐ,
723,6741,τός,
724,6759,Χορός,χορός
725,6761,Ζήν,Ζεύς
726,6764,ἰῶ,ἰάομαι
727,6795,δε,
728,6807,τἄμʼ,ἐγώ
729,6809,δελτουμένας,
730,6833,τʼ,τε
731,6839,ἡμᾶς,ἡμεῖς
732,6846,πεπυσμένοι,πυνθάνομαι
733,6848,ἀλλʼ,ἀλλά
734,6857,τόνδʼ,ὅδε
735,6882,ἀλλʼ,ἀλλά
736,6889,ἱκετηρίας,ἱκετηρία
737,6891,ἁγάλματʼ,ἄγαλμα
738,6905,ζαχρεῖʼ,
739,6908,ἀμείβεσθʼ,ἀμείβω
740,6916,τάσδʼ,ὅδε
741,6922,ἑπέσθω,ἕπομαι
742,6944,μηδʼ,μηδέ
743,6952,κάρτʼ,κάρτα
744,6992,ἴδοιτο,ὁράω
745,6998,θέλοιμʼ,ἐθέλω
746,7046,φυγάδʼ,φυγάς
747,7047,ἀπʼ,ἀπό
748,7064,τίνʼ,τις
749,7077,ἀλλʼ,ἀλλά
750,7079,τʼ,τε
751,7087,ὅδʼ,ὅδε
752,7103,σέβεσθʼ,σέβομαι
753,7137,ἁγνὸς,ἁγνός
754,7138,γένοιτʼ,γίγνομαι
755,7155,τἀπλακήμαθʼ,
756,7170,τόνδε,ὅδε
757,7176,ὑμῖν,ὑμεῖς
758,7184,τόνδʼ,ὅδε
759,7195,Ἀργολὶς,
760,7196,ἐσθὴς,ἐσθής
761,7198,οὐδʼ,οὐδέ
762,7247,πόλλʼ,πολύς
763,7248,ἔτʼ,ἔτι
764,7267,ἐγὼ,ἐγώ
765,7270,σὲ,σύ
766,7285,ταῦτʼ,οὗτος
767,7288,λέγʼ,λέγω
768,7290,ἐμοί,ἐγώ
769,7296,ἐγὼ,ἐγώ
770,7340,Πίνδου,
771,7394,χρανθεῖσʼ,
772,7414,ποτʼ,πρός
773,7416,ηὕρετʼ,εὑρίσκω
774,7423,τἀπʼ,ἐπί
775,7427,τʼ,τε
776,7445,θʼ,τε
777,7458,ταῦτʼ,οὗτος
778,7465,μυθεῖσθʼ,μυθέομαι
779,7480,Λιβυστικαῖς,
780,7483,ἐμφερέστεραι,ἐμφερής
781,7498,τʼ,τε
782,7506,ἀρσένων,ἄρσην
783,7509,τʼ,τε
784,7518,παρʼ,παρά
785,7520,ἀστυγειτονουμένας,
786,7526,τʼ,τε
787,7546,γένεθλον,
788,7548,τʼ,τε
789,7579,Ζῆνα,Ζεύς
790,7584,γʼ,γε
791,7601,θεός,θεός
792,7606,ἐπʼ,ἐπί
793,7620,ταῦτʼ,οὗτος
794,7650,βοΐ,βοῦς
795,7664,νιν,νιν
796,7672,ταῦτʼ,οὗτος
797,7676,ἐμοί,ἐγώ
798,7682,Μέμφιν,Μέμφις
799,7683,ἵκετο,ἱκνέομαι
800,7687,γʼ,γε
801,7696,Δῖος,
802,7713,τίνʼ,τις
803,7715,ἔτʼ,ἔτι
804,7724,τοῦδʼ,ὅδε
805,7732,τοῦτό,οὗτος
806,7733,μοι,ἐγώ
807,7746,τοὔνομʼ,ὄνομα
808,7754,ἁμὸν,ἁμός
809,7766,μοι,ἐγώ
810,7779,τίς,τις
811,7786,αἰόλʼ,
812,7801,τήνδʼ,ὅδε
813,7813,μεταπτοιοῦσαν,
814,7820,τῶνδʼ,ὅδε
815,7824,λευκοστεφεῖς,
816,7831,γένωμαι,γίγνομαι
817,7850,ὠνοῖτο,ὠνέομαι
818,7852,κεκτημένους,κτάομαι
819,7863,γʼ,γε
820,7872,ἐγὼ,ἐγώ
821,7878,παισὶν,παῖς
822,7884,γʼ,γε
823,7891,ἀλλʼ,ἀλλά
824,7899,γʼ,γε
825,7903,κοινωνὸς,κοινωνός
826,7910,ὧδʼ,ὧδε
827,7926,Χορός,χορός
828,7931,μου,ἐγώ
829,7939,με,ἐγώ
830,7940,τὰν,ὅς
831,7952,ἵνʼ,ἵνα
832,7955,μέμυ,
833,7957,κε,ἄν
834,7967,νεύονθʼ,νεύω
835,7977,τοῦτʼ,οὗτος
836,7980,μηδʼ,μηδέ
837,7986,γένηται,γίγνομαι
838,7994,Χορός,χορός
839,7995,ἴδοιτο,ὁράω
840,8004,σὺ,σύ
841,8007,ὀψιγόνου,
842,8012,αἰδόμενος,αἰδέομαι
843,8014,ἱεροδόκα,
844,8016,λήματʼ,λῆμα
845,8017,ἀπʼ,ἀπό
846,8023,κάθησθε,κάθημαι
847,8041,ἐγὼ,ἐγώ
848,8045,κραίνοιμʼ,κραίνω
849,8046,ὑπόσχεσιν,ὑπόσχεσις
850,8056,Χορός,χορός
851,8107,οὐδʼ,οὐδέ
852,8109,τόδʼ,ὅδε
853,8120,μʼ,ἐγώ
854,8122,φρένας,φρήν
855,8132,Χορός,χορός
856,8135,σκοπὸν,σκοπός
857,8145,προσήμενοι,
858,8183,σε,σύ
859,8198,Χορός,χορός
860,8201,ποτʼ,πρός
861,8206,ἀρσένων,ἄρσην
862,8219,ἑλόμενος,αἱρέω
863,8234,μʼ,ἐγώ
864,8272,Χορός,χορός
865,8295,μεταλ,
866,8297,γεῖς,
867,8318,μηδʼ,μηδέ
868,8329,αὐτοῖσί,αὐτός
869,8330,θʼ,τε
870,8331,ἡμῖν,ἡμεῖς
871,8340,μήτʼ,μήτε
872,8344,ὧδʼ,ὧδε
873,8350,θεὸν,θεός
874,8357,οὐδʼ,οὐδέ
875,8371,Χορός,χορός
876,8379,τὰν,ὅς
877,8384,τὰν,ὅς
878,8390,Χορός,χορός
879,8393,μʼ,ἐγώ
880,8397,ῥυσια,
881,8399,σθεῖσαν,
882,8415,Χορός,χορός
883,8419,τὰν,ὅς
884,8432,τʼ,τε
885,8436,Χορός,χορός
886,8440,παισὶ,παῖς
887,8445,ὁπότερʼ,ὁπότερος
888,8456,φράσαι,φράζω
889,8476,πᾶσʼ,πᾶς
890,8477,ἔστʼ,εἰμί
891,8484,ναυτικαῖσιν,ναυτικός
892,8505,μέγʼ,μέγας
893,8508,γένοιτʼ,γίγνομαι
894,8522,γένοιτο,γίγνομαι
895,8567,γένοιτο,γίγνομαι
896,8587,με,ἐγώ
897,8597,τάχʼ,τάχα
898,8614,τίνʼ,τις
899,8617,γηρυθεῖσʼ,
900,8618,ἔσῃ,εἰμί
901,8623,πιστὸν,πιστός
902,8624,τῷδʼ,ὅδε
903,8629,σοι,σύ
904,8640,αἰνιγματῶδες,
905,8643,ἀλλʼ,ἀλλά
906,8650,τάχιστʼ,ταχύς
907,8683,μάλʼ,μάλα
908,8685,τόδʼ,ὅδε
909,8695,ὑμῖν,ὑμεῖς
910,8696,μὴ,μή
911,8697,τόδʼ,ὅδε
912,8710,παισὶν,παῖς
913,8758,αἶψʼ,αἶψα
914,8763,ἐπʼ,ἐπί
915,8777,μηδʼ,μηδέ
916,8780,ἐμοῦ,ἐγώ
917,8810,ἥσσοσιν,ἥσσων
918,8819,ἡμῖν,ἡμεῖς
919,8831,τʼ,τε
920,8850,διʼ,διά
921,8882,στείχοιτʼ,στείχω
922,8893,ἡγεῖσθε,ἡγέομαι
923,8904,χρεὼν,χρεών
924,8919,ἐγὼ,ἐγώ
925,8927,ἐμοί,ἐγώ
926,8947,κατʼ,κατά
927,8959,με,ἐγώ
928,8964,σʼ,σύ
929,8967,ἀλλʼ,ἀλλά
930,8969,δρακόντων,δράκων
931,8971,ἐχθίοσιν,ἐχθρός
932,8986,γʼ,γε
933,9000,ἀλλʼ,ἀλλά
934,9007,ἐγὼ,ἐγώ
935,9022,σὸν,σός
936,9033,θεοὺς,θεός
937,9035,λιταῖς,λιτή
938,9036,παραιτοῦ,παραιτέομαι
939,9038,σʼ,σύ
940,9043,ἐγὼ,ἐγώ
941,9051,ἕποιτο,ἕπομαι
942,9056,Χορός,χορός
943,9085,τὰν,ὅς
944,9089,Χορός,χορός
945,9102,εὔφρονʼ,εὔφρων
946,9114,εὐχόμεθʼ,εὔχομαι
947,9118,τᾶσδʼ,ὅδε
948,9121,Χορός,χορός
949,9153,διατέμ,
950,9155,νουσα,
951,9160,Χορός,χορός
952,9163,Ἀσίδος,
953,9181,διʼ,διά
954,9183,Κιλίκων,Κίλιξ
955,9184,Παμφύλων,
956,9187,διορνυμένα,
957,9195,τὰν,ὅς
958,9200,Χορός,χορός
959,9203,σινουμένα,
960,9225,μαινομένα,μαίνομαι
961,9227,ἀτί,
962,9229,μοις,
963,9232,κεντροδα,
964,9234,λήτισι,
965,9239,Χορός,χορός
966,9260,τὰν,ὅς
967,9264,τὰν,ὅς
968,9279,θέλ,
969,9281,ξας,
970,9287,Χορός,χορός
971,9288,διʼ,διά
972,9290,κρέων,κρείων
973,9304,ἀπο,
974,9316,γείνατο,γείνομαι
975,9317,παῖδʼ,παῖς
976,9320,Χορός,χορός
977,9335,Ἥ,ὅς
978,9337,ρας,
979,9341,Χορός,χορός
980,9342,τίνʼ,τις
981,9348,ἐπʼ,ἐπί
982,9354,φυτουργὸς,
983,9368,Χορός,χορός
984,9369,ὑπʼ,ὑπό
985,9373,τινος,τις
986,9382,ἡμένου,ἧμαι
987,9415,φίλτατʼ,φίλος
988,9417,ἐμοί,ἐγώ
989,9420,ἡμῖν,ἡμεῖς
990,9436,ἀλλʼ,ἀλλά
991,9439,με,ἐγώ
992,9453,ἡμᾶς,ἡμεῖς
993,9460,τʼ,τε
994,9465,μήτʼ,μήτε
995,9467,μήτʼ,μήτε
996,9469,τινὰ,τις
997,9493,ἡμῶν,ἡμεῖς
998,9511,θʼ,τε
999,9552,ἐπʼ,ἐπί
1000,9567,ἐπʼ,ἐπί
1001,9570,τέρμονʼ,
1002,9574,Χορός,χορός
1003,9579,θεοὶ,θεός
1004,9583,εὐ,
1005,9585,κταῖα,
1006,9600,Ἄπη,
1007,9604,θερί,
1008,9606,ζοντα,
1009,9613,ἡμᾶς,ἡμεῖς
1010,9626,τάνδʼ,ὅδε
1011,9629,Χορός,χορός
1012,9632,ἀρσένων,ἄρσην
1013,9635,ἀτιμώ,
1014,9637,σαντες,
1015,9645,σκοπὸν,σκοπός
1016,9654,ἐπʼ,ἐπί
1017,9656,μιαί,
1018,9658,νοντα,
1019,9673,βω,
1020,9675,μοῖς,
1021,9676,θεοὺς,θεός
1022,9679,Χορός,χορός
1023,9680,τοιγὰρ,τοιγάρ
1024,9686,σθω,
1025,9711,μηδʼ,μηδέ
1026,9717,ρης,
1027,9721,Χορός,χορός
1028,9724,πρε,
1029,9726,σβυτοδόκοι,
1030,9727,γεμόν,
1031,9729,των,
1032,9737,Ζῆνα,Ζεύς
1033,9757,εὐχόμεθʼ,εὔχομαι
1034,9765,κῶν,Κῶς
1035,9769,Χορός,χορός
1036,9772,ἀνδροκμὴς,
1037,9780,ἀκίθαριν,
1038,9784,τʼ,τε
1039,9803,στω,
1040,9807,Χορός,χορός
1041,9826,τʼ,τε
1042,9840,τʼ,τε
1043,9843,φερέ,
1044,9845,σθω,
1045,9847,φιλοφόρμιγξ,
1046,9849,Χορός,χορός
1047,9851,τʼ,τε
1048,9866,τʼ,τε
1049,9878,Χορός,χορός
1050,9879,θεοὺς,θεός
1051,9898,τόδʼ,ὅδε
1052,9900,θεσμίοις,
1053,9913,ὑμεῖς,ὑμεῖς
1054,9916,τρέσητʼ,τρέω
1055,9937,με,ἐγώ
1056,9951,βλέπουσʼ,βλέπω
1057,9981,θʼ,τε
1058,9988,ἡγεμὼν,ἡγεμών
1059,9996,ἀλλʼ,ἀλλά
1060,10002,πρᾶγμʼ,πρᾶγμα
1061,10009,ἐγὼ,ἐγώ
1062,10012,ξυνδίκους,
1063,10031,ἀλλʼ,ἀλλά
1064,10033,ἔσται,εἰμί
1065,10038,νιν,νιν
1066,10049,λαθέσθαι,λανθάνω
1067,10059,τʼ,τε
1068,10062,θεοὺς,θεός
1069,10082,μέσῳ,μέσος
1070,10085,Χορός,χορός
1071,10087,μʼ,ἐγώ
1072,10096,μοι,ἐγώ
1073,10106,τελεία,τέλειος
1074,10118,σάφʼ,σαφής
1075,10120,ἐγώ,ἐγώ
1076,10122,Χορός,χορός
1077,10125,μάργον,
1078,10129,τʼ,τε
1079,10137,Χορός,χορός
1080,10160,βραχίονʼ,βραχύς
1081,10164,Χορός,χορός
1082,10175,μονωθεῖσʼ,μονόω
1083,10176,οὐδέν,οὐδείς
1084,10182,Χορός,χορός
1085,10194,βω,
1086,10203,ἡμῖν,ἡμεῖς
1087,10205,ταῦτʼ,οὗτος
1088,10216,Χορός,χορός
1089,10225,ἡμῶν,ἡμεῖς
1090,10226,χεῖρʼ,χείρ
1091,10231,Χορός,χορός
1092,10237,μεμαργωμένοι,
1093,10244,ἀλλʼ,ἀλλά
1094,10290,οὐδʼ,οὐδέ
1095,10317,γένοιτʼ,γίγνομαι
1096,10348,γέρονθʼ,γέρων
1097,10355,Χορός,χορός
1098,10397,Χορός,χορός
1099,10408,μου,ἐγώ
1100,10414,μʼ,ἐγώ
1101,10424,βρόχου,βρόχος
1102,10436,πρόπαρ,
1103,10437,θανούσας,ἀποθνῄσκω
1104,10439,Ἀίδας,ᾍδης
1105,10442,Χορός,χορός
1106,10445,μοι,ἐγώ
1107,10446,γένοιτʼ,γίγνομαι
1108,10461,ἀπρόσ,
1109,10463,δεικτος,
1110,10472,μοι,ἐγώ
1111,10475,δαΐκτορος,
1112,10481,Χορός,χορός
1113,10482,κυσὶν,κύων
1114,10490,ἀναίνομαι,ἀναίνομαι
1115,10496,ἐλευθεροῦ,ἐλευθερόω
1116,10498,ται,
1117,10509,τας,
1118,10514,τίνʼ,τις
1119,10521,Χορός,χορός
1120,10535,μοι,ἐγώ
1121,10537,τʼ,τε
1122,10539,τʼ,τε
1123,10560,Χορός,χορός
1124,10568,με,ἐγώ
1125,10578,σὸν,σός
1126,10601,μάρπτις,
1127,10608,μάρπτι,
1128,10612,ἰόφ,
1129,10615,ὀμ,
1130,10619,κάκκας,
1131,10621,δυϊαν,
1132,10642,χλιδᾷ,
1133,10644,ναῒ,ναῦς
1134,10656,ριν,
1135,10674,ὀλύμεναι,
1136,10675,ὀλόμενʼ,ὄλλυμι
1137,10676,ἐπαμίδα,
1138,10678,Χορός,χορός
1139,10693,αἵμονες,
1140,10695,ἐπάμιδα,
1141,10696,ησυδουπιάπιτα,
1142,10697,Κῆρυξ,κῆρυξ
1143,10703,τʼ,τε
1144,10714,δόρυ,δόρυ
1145,10721,Χορός,χορός
1146,10736,ἐγὼ,ἐγώ
1147,10743,Κῆρυξ,κῆρυξ
1148,10744,σὺ,σύ
1149,10761,βαθυμιτροκακὰ,
1150,10762,παθῶν,πάθος
1151,10763,ὀλόμεναι,ὄλλυμι
1152,10766,Χορός,χορός
1153,10774,διʼ,διά
1154,10782,ἀλαθεὶς,ἀλάομαι
1155,10786,Κῆρυχ,
1156,10798,ὑπερθορῇ,
1157,10809,Χορός,χορός
1158,10828,σʼ,σύ
1159,10835,σʼ,σύ
1160,10836,ἀποτρέ,
1161,10838,ψειεν,
1162,10842,Κῆρυξ,κῆρυξ
1163,10859,οὐδάμʼ,οὐδαμά
1164,10862,Χορός,χορός
1165,10870,μʼ,ἐγώ
1166,10875,ἄραχνος,
1167,10891,φοβερὸν,φοβερός
1168,10902,Κῆρυξ,κῆρυξ
1169,10911,μʼ,ἐγώ
1170,10918,Χορός,χορός
1171,10922,ὄφις,ὄφις
1172,10927,μέ,ἐγώ
1173,10930,δακοῦσʼ,δάκνω
1174,10940,φοβερὸν,φοβερός
1175,10968,ἄσεπτʼ,
1176,10982,θαρσεῖτʼ,θαρσέω
1177,10985,ἐρεῖτʼ,λέγω
1178,10998,ἀποσπάσας,ἀποσπάω
1179,11019,τήνδʼ,ὅδε
1180,11023,ἀλλʼ,ἀλλά
1181,11039,πόλλʼ,πολύς
1182,11049,ἐμοὶ,ἐγώ
1183,11064,τἄμʼ,ἐγώ
1184,11082,θεοὺς,θεός
1185,11095,οὐδέν,οὐδείς
1186,11098,ἐγὼ,ἐγώ
1187,11102,ἄγοιμʼ,ἄγω
1188,11135,λέγοιμʼ,λέγω
1189,11138,παισὶν,παῖς
1190,11143,τοῦτʼ,οὗτος
1191,11148,ἀλλʼ,ἀλλά
1192,11169,τίνος,τις
1193,11170,τʼ,τε
1194,11203,σοι,σύ
1195,11206,τοὔνομʼ,ὄνομα
1196,11212,σύ,σύ
1197,11213,τʼ,τε
1198,11216,ξυνέμποροι,
1199,11223,κατʼ,κατά
1200,11239,μία,εἷς
1201,11259,ταῦτʼ,οὗτος
1202,11264,οὐδʼ,οὐδέ
1203,11268,κατεσφραγισμένα,
1204,11280,τάχιστʼ,ταχύς
1205,11296,ἄρσεσιν,ἄρσην
1206,11298,ἀλλʼ,ἀλλά
1207,11299,ἄρσενάς,ἄρσην
1208,11311,ὑμεῖς,ὑμεῖς
1209,11329,δώματʼ,δῶμα
1210,11336,δεδωμάτωμαι,
1211,11339,ἐγὼ,ἐγώ
1212,11377,ἐγὼ,ἐγώ
1213,11392,ἀλλʼ,ἀλλά
1214,11440,τʼ,τε
1215,11454,ἐφʼ,ἐπί
1216,11471,θʼ,τε
1217,11486,μου,ἐγώ
1218,11498,ἐμοὶ,ἐγώ
1219,11513,ʼξ,ἐκ
1220,11523,ἀείζων,
1221,11537,ταῦθʼ,οὗτος
1222,11547,ἀγνῶθʼ,ἀγνώς
1223,11562,τʼ,τε
1224,11568,ὑμᾶς,ὑμεῖς
1225,11573,ἐμέ,ἐγώ
1226,11577,τήνδʼ,ὅδε
1227,11606,καλωρα,
1228,11608,θωσμένειν,
1229,11641,μηδʼ,μηδέ
1230,11643,ἡμῖν,ἡμεῖς
1231,11686,τἄλλʼ,ἀλλά
1232,11716,Χορός,χορός
1233,11717,Δαναΐδων,
1234,11722,θεοὺς,θεός
1235,11728,χεῦμʼ,χόω
1236,11752,Χορός,χορός
1237,11753,Δαναΐδων,
1238,11778,μηδʼ,μηδέ
1239,11779,ὑπʼ,ὑπό
1240,11785,στυγίων,
1241,11790,Χορός,χορός
1242,11791,Θεραπαινῶν,θεράπαινα
1243,11797,ὅδʼ,ὅδε
1244,11809,θεὸς,θεός
1245,11814,μετάκοινοι,
1246,11816,φίλᾷ,φίλος
1247,11817,ματρὶ,μήτηρ
1248,11821,τʼ,τε
1249,11822,οὐδὲν,οὐδείς
1250,11826,Πειθοῖ,πειθώ
1251,11835,τʼ,τε
1252,11838,Χορός,χορός
1253,11839,Θεραπαινῶν,θεράπαινα
1254,11844,τʼ,τε
1255,11845,ἄλγη,ἄλγος
1256,11865,γένοιτʼ,γίγνομαι
1257,11886,Δαναΐς,
1258,11893,μοι,ἐγώ
1259,11895,Θεράπαινα,θεράπαινα
1260,11902,Δαναΐς,
1261,11909,Θεράπαινα,θεράπαινα
1262,11912,γʼ,γε
1263,11918,Δαναΐς,
1264,11929,Θεράπαινα,θεράπαινα
1265,11935,Δαναΐς,
1266,11936,τίνα,τίς
1267,11938,με,ἐγώ
1268,11941,Θεράπαινα,θεράπαινα
1269,11944,μηδὲν,μηδείς
1270,11947,Χορός,χορός
1271,11950,ἀποστεροί,
1272,11952,η,
1273,11960,ἐλύσατʼ,λύω
1274,11970,Χορός,χορός
1275,11976,ξίν,
1276,11989,ἕπε,
1277,11991,σθαι,
